<metadata xml:lang="es"><Esri><CreaDate>20180726</CreaDate><CreaTime>12025500</CreaTime><SyncOnce>FALSE</SyncOnce><SyncDate>20180726</SyncDate><SyncTime>12081600</SyncTime><ModDate>20180726</ModDate><ModTime>12081600</ModTime><DataProperties><lineage><Process ToolSource="C:\Program Files (x86)\ArcGIS\Desktop10.0\ArcToolbox\Toolboxes\Data Management Tools.tbx\CalculateField" Date="20110603" Time="165031">CalculateField Indice_de_Vulnerabilidad_Social GVS_ISE00 [GVS__ISE_] VB #</Process><Process ToolSource="C:\Program Files (x86)\ArcGIS\Desktop10.0\ArcToolbox\Toolboxes\Data Management Tools.tbx\CalculateField" Date="20110603" Time="165204">CalculateField Indice_de_Vulnerabilidad_Social GVS_ISE05 [GVS__ISE1] VB #</Process><Process ToolSource="C:\Program Files (x86)\ArcGIS\Desktop10.0\ArcToolbox\Toolboxes\Data Management Tools.tbx\CalculateField" Date="20110603" Time="165234">CalculateField Indice_de_Vulnerabilidad_Social GVS_ISE10 [GVS__ISE_1] VB #</Process><Process ToolSource="C:\Program Files (x86)\ArcGIS\Desktop10.0\ArcToolbox\Toolboxes\Conversion Tools.tbx\FeatureClassToFeatureClass" Date="20110603" Time="172350">FeatureClassToFeatureClass "F:\Info_Cenapred\IRIS_CENAPRED\EES\IVS 2000-2010\Indice_de_Vulnerabilidad_Social.shp" "Conexiones de base de datos\Connection to 10.2.233.164 (2).sde\CENAPREDOWNER.EES_Indicadores" Indice_vulsocial # "OBJECTID "OBJECTID" true true false 10 Double 0 10 ,First,#,F:\Info_Cenapred\IRIS_CENAPRED\EES\IVS 2000-2010\Indice_de_Vulnerabilidad_Social.shp,OBJECTID,-1,-1;ENT "ENT" true true false 2 Text 0 0 ,First,#,F:\Info_Cenapred\IRIS_CENAPRED\EES\IVS 2000-2010\Indice_de_Vulnerabilidad_Social.shp,ENT,-1,-1;NOMENT "NOMENT" true true false 20 Text 0 0 ,First,#,F:\Info_Cenapred\IRIS_CENAPRED\EES\IVS 2000-2010\Indice_de_Vulnerabilidad_Social.shp,NOMENT,-1,-1;MUN "MUN" true true false 3 Text 0 0 ,First,#,F:\Info_Cenapred\IRIS_CENAPRED\EES\IVS 2000-2010\Indice_de_Vulnerabilidad_Social.shp,MUN,-1,-1;Clave "Clave" true true false 254 Text 0 0 ,First,#,F:\Info_Cenapred\IRIS_CENAPRED\EES\IVS 2000-2010\Indice_de_Vulnerabilidad_Social.shp,Clave,-1,-1;Municipio "Municipio" true true false 254 Text 0 0 ,First,#,F:\Info_Cenapred\IRIS_CENAPRED\EES\IVS 2000-2010\Indice_de_Vulnerabilidad_Social.shp,Municipio,-1,-1;IVS_2000 "IVS_2000" true true false 16 Double 6 15 ,First,#,F:\Info_Cenapred\IRIS_CENAPRED\EES\IVS 2000-2010\Indice_de_Vulnerabilidad_Social.shp,IVS_2000,-1,-1;IVS_2005 "IVS_2005" true true false 16 Double 6 15 ,First,#,F:\Info_Cenapred\IRIS_CENAPRED\EES\IVS 2000-2010\Indice_de_Vulnerabilidad_Social.shp,IVS_2005,-1,-1;IVS_2010 "IVS_2010" true true false 16 Double 6 15 ,First,#,F:\Info_Cenapred\IRIS_CENAPRED\EES\IVS 2000-2010\Indice_de_Vulnerabilidad_Social.shp,IVS_2010,-1,-1;GVS_ISE00 "GVS_ISE00" true true false 15 Text 0 0 ,First,#,F:\Info_Cenapred\IRIS_CENAPRED\EES\IVS 2000-2010\Indice_de_Vulnerabilidad_Social.shp,GVS_ISE00,-1,-1;GVS_ISE05 "GVS_ISE05" true true false 15 Text 0 0 ,First,#,F:\Info_Cenapred\IRIS_CENAPRED\EES\IVS 2000-2010\Indice_de_Vulnerabilidad_Social.shp,GVS_ISE05,-1,-1;GVS_ISE10 "GVS_ISE10" true true false 15 Text 0 0 ,First,#,F:\Info_Cenapred\IRIS_CENAPRED\EES\IVS 2000-2010\Indice_de_Vulnerabilidad_Social.shp,GVS_ISE10,-1,-1" CEN_09</Process><Process ToolSource="C:\Program Files\ArcGIS\Desktop10.0\ArcToolbox\Toolboxes\Data Management Tools.tbx\DeleteField" Date="20120424" Time="101404">DeleteField vulnerabilidadSocial2010 IVS_2000;IVS_2005;GVS_ISE00;GVS_ISE05</Process><Process ToolSource="C:\Program Files\ArcGIS\Desktop10.0\ArcToolbox\Toolboxes\Data Management Tools.tbx\DeleteField" Date="20120424" Time="101436">DeleteField vulnerabilidadSocial2010 IVS_2010</Process><Process ToolSource="C:\Program Files\ArcGIS\Desktop10.0\ArcToolbox\Toolboxes\Data Management Tools.tbx\DeleteField" Date="20120424" Time="104531">DeleteField vulnerabilidadSocial2010 NOMENT</Process><Process ToolSource="c:\program files\arcgis\desktop10.1\ArcToolbox\Toolboxes\Data Management Tools.tbx\CopyFeatures" Date="20130718" Time="115538">CopyFeatures "Grado de Vulnerabilidad Social 2010" "C:\Users\drmendoza\Documents\2013\GDB\shp_portal\Socio\Grado de Vulnerabilidad Social 2010.shp" # 0 0 0</Process></lineage><itemProps><itemName Sync="TRUE">GradodeVulnerabilidadSocial22</itemName><imsContentType Sync="TRUE">002</imsContentType><itemLocation><linkage Sync="TRUE">file://\\GUIDOLOPC\Users\Guido\Downloads\Grado_de_Vulnerabilidad_Social_2010\GradodeVulnerabilidadSocial22.shp</linkage><protocol Sync="TRUE">Local Area Network</protocol></itemLocation><itemSize Sync="TRUE">0.000</itemSize></itemProps><coordRef><type Sync="TRUE">Geographic</type><geogcsn Sync="TRUE">GCS_WGS_1984</geogcsn><peXml Sync="TRUE">&lt;GeographicCoordinateSystem xsi:type='typens:GeographicCoordinateSystem' xmlns:xsi='http://www.w3.org/2001/XMLSchema-instance' xmlns:xs='http://www.w3.org/2001/XMLSchema' xmlns:typens='http://www.esri.com/schemas/ArcGIS/10.3'&gt;&lt;WKT&gt;GEOGCS[&amp;quot;GCS_WGS_1984&amp;quot;,DATUM[&amp;quot;D_WGS_1984&amp;quot;,SPHEROID[&amp;quot;WGS_1984&amp;quot;,6378137.0,298.257223563]],PRIMEM[&amp;quot;Greenwich&amp;quot;,0.0],UNIT[&amp;quot;Degree&amp;quot;,0.0174532925199433],AUTHORITY[&amp;quot;EPSG&amp;quot;,4326]]&lt;/WKT&gt;&lt;XOrigin&gt;-400&lt;/XOrigin&gt;&lt;YOrigin&gt;-400&lt;/YOrigin&gt;&lt;XYScale&gt;11258999068426.238&lt;/XYScale&gt;&lt;ZOrigin&gt;-100000&lt;/ZOrigin&gt;&lt;ZScale&gt;10000&lt;/ZScale&gt;&lt;MOrigin&gt;-100000&lt;/MOrigin&gt;&lt;MScale&gt;10000&lt;/MScale&gt;&lt;XYTolerance&gt;8.983152841195215e-009&lt;/XYTolerance&gt;&lt;ZTolerance&gt;0.001&lt;/ZTolerance&gt;&lt;MTolerance&gt;0.001&lt;/MTolerance&gt;&lt;HighPrecision&gt;true&lt;/HighPrecision&gt;&lt;LeftLongitude&gt;-180&lt;/LeftLongitude&gt;&lt;WKID&gt;4326&lt;/WKID&gt;&lt;LatestWKID&gt;4326&lt;/LatestWKID&gt;&lt;/GeographicCoordinateSystem&gt;</peXml><csUnits Sync="TRUE">Angular Unit: Degree (0.017453)</csUnits></coordRef></DataProperties><ArcGISFormat>1.0</ArcGISFormat></Esri><idinfo><native Sync="TRUE">Microsoft Windows XP Version 5.1 (Build 2600) Service Pack 3; ESRI ArcCatalog 9.3.0.1770</native><descript><langdata Sync="TRUE">es</langdata><abstract>El índice de vulnerabilidad social asociado a desastres es un indicador que permite ubicar geograficamente a los municipios, que por sus condiciones socioeconómicas, tienen una mayor suceptibilidad de sufrir desastres ante el impacto de diferentes tipos de fenómenos. El presente, fue desarrollado con base en la metodología diseñada por la Subdirección de Estudios Económicos y Sociales del CENAPRED. Cabe mencionar que la información contenida en este shape, únicamente contiene los resultados del apartado de indicadores socioeconómicos, y no incluye la información de capacidad de respuesta y percepción local de riesgo, necesaria para un mejor análisis de la vulnerabilidad social. </abstract><purpose>Identificar a los municipios con mayores grados de vulnerabilidad social asociada a desastres</purpose><supplinf>La Metodología completa esta publicada en la "Guía Básica para la Elaboración de Atlas Estatales y Municipales de Peligros y Riesgos. Evaluación de la Vulnerabilidad Física y Social" publicada por el CENAPRED en noviembre de 2006.</supplinf></descript><citation><citeinfo><origin>Subdirección de Estudios Económicos y Sociales</origin><pubdate>03/06/2011</pubdate><title Sync="TRUE">Indice_de_Vulnerabilidad_Social</title><ftname Sync="TRUE">Indice_de_Vulnerabilidad_Social</ftname><geoform Sync="TRUE">vector digital data</geoform><onlink Sync="TRUE">\\SOCIOLOGIA\C$\RMC\Documentos Varios\CENAPRED\2011\Vulnerabilidad Social\LAYERS\Indice_de_Vulnerabilidad_Social.shp</onlink><pubtime>Unknown</pubtime><edition>CENAPRED</edition><serinfo><sername>Indices de Vulnerabilidad Social</sername><issue>IVS</issue></serinfo><pubinfo><pubplace>CENAPRED</pubplace><publish>CENAPRED</publish></pubinfo></citeinfo></citation><timeperd><current>publication date</current><timeinfo><sngdate><caldate>unknown</caldate><time>unknown</time></sngdate></timeinfo></timeperd><status><progress>Complete</progress><update>As needed</update></status><spdom><bounding><westbc Sync="TRUE">-118.852139</westbc><eastbc Sync="TRUE">-85.249015</eastbc><northbc Sync="TRUE">33.208369</northbc><southbc Sync="TRUE">14.125161</southbc></bounding><lboundng><leftbc Sync="TRUE">907088.939949</leftbc><rightbc Sync="TRUE">4083261.929275</rightbc><bottombc Sync="TRUE">319193.834932</bottombc><topbc Sync="TRUE">2349585.386775</topbc></lboundng></spdom><keywords><theme><themekt>REQUIRED: Reference to a formally registered thesaurus or a similar authoritative source of theme keywords.</themekt><themekey>Vulnerabilidad</themekey><themekey>Vulnerabilidad Social</themekey><themekey>Desastres</themekey><themekey>Riesgo</themekey><themekey>Indicadores socioeconómicos</themekey></theme></keywords><accconst>REQUIRED: Restrictions and legal prerequisites for accessing the data set.</accconst><useconst>REQUIRED: Restrictions and legal prerequisites for using the data set after access is granted.</useconst><natvform Sync="TRUE">Shapefile</natvform><ptcontac><cntinfo><cntperp><cntper>Lic. Rafael Marín Cambranis</cntper><cntorg>CENAPRED</cntorg></cntperp><cntpos>Jefe de Departamento de Estudios Económicos y Sociales</cntpos><cntvoice>(52) 54246100 ext. 17107</cntvoice><cntfax>(52) 56061608</cntfax><cntemail>rafael@cenapred.unam.mx</cntemail><hours>09:00-18:00</hours></cntinfo></ptcontac></idinfo><dataIdInfo><envirDesc Sync="TRUE"> Version 6.2 (Build 9200) ; Esri ArcGIS 10.3.1.4959</envirDesc><dataLang><languageCode Sync="TRUE" value="spa" country="MEX"></languageCode><countryCode value="ARG" Sync="TRUE"></countryCode></dataLang><idCitation><resTitle Sync="TRUE">GradodeVulnerabilidadSocial22</resTitle><presForm><PresFormCd Sync="TRUE" value="005"></PresFormCd></presForm></idCitation><spatRpType><SpatRepTypCd Sync="TRUE" value="001"></SpatRepTypCd></spatRpType><dataExt><geoEle><GeoBndBox esriExtentType="native"><westBL Sync="TRUE">907088.939949</westBL><eastBL Sync="TRUE">4083261.929275</eastBL><northBL Sync="TRUE">2349585.386775</northBL><southBL Sync="TRUE">319193.834932</southBL><exTypeCode Sync="TRUE">1</exTypeCode></GeoBndBox></geoEle></dataExt><geoBox esriExtentType="decdegrees"><westBL Sync="TRUE">-118.852139</westBL><eastBL Sync="TRUE">-85.249015</eastBL><northBL Sync="TRUE">33.208369</northBL><southBL Sync="TRUE">14.125161</southBL><exTypeCode Sync="TRUE">1</exTypeCode></geoBox><descKeys><thesaName uuidref="723f6998-058e-11dc-8314-0800200c9a66"></thesaName><keyword Sync="TRUE">002</keyword></descKeys></dataIdInfo><metainfo><langmeta Sync="TRUE">es</langmeta><metstdn Sync="TRUE">FGDC Content Standards for Digital Geospatial Metadata</metstdn><metstdv Sync="TRUE">FGDC-STD-001-1998</metstdv><mettc Sync="TRUE">local time</mettc><metc><cntinfo><cntorgp><cntper>REQUIRED: The person responsible for the metadata information.</cntper><cntorg>REQUIRED: The organization responsible for the metadata information.</cntorg></cntorgp><cntaddr><addrtype>REQUIRED: The mailing and/or physical address for the organization or individual.</addrtype><city>REQUIRED: The city of the address.</city><state>REQUIRED: The state or province of the address.</state><postal>REQUIRED: The ZIP or other postal code of the address.</postal></cntaddr><cntvoice>REQUIRED: The telephone number by which individuals can speak to the organization or individual.</cntvoice></cntinfo></metc><metd Sync="TRUE">20110603</metd></metainfo><mdLang><languageCode Sync="TRUE" value="spa"></languageCode><countryCode value="ARG" Sync="TRUE"></countryCode></mdLang><mdStanName Sync="TRUE">ISO 19115 Geographic Information - Metadata</mdStanName><mdStanVer Sync="TRUE">DIS_ESRI1.0</mdStanVer><mdChar><CharSetCd Sync="TRUE" value="004"></CharSetCd></mdChar><mdHrLv><ScopeCd Sync="TRUE" value="005"></ScopeCd></mdHrLv><mdHrLvName Sync="TRUE">dataset</mdHrLvName><distinfo><resdesc Sync="TRUE">Downloadable Data</resdesc><stdorder><digform><digtinfo><transize Sync="TRUE">37,385</transize><dssize Sync="TRUE">37,385</dssize></digtinfo></digform></stdorder></distinfo><distInfo><distributor><distorTran><onLineSrc><orDesc Sync="TRUE">002</orDesc><linkage Sync="TRUE">file://\\SOCIOLOGIA\C$\RMC\Documentos Varios\CENAPRED\2011\Vulnerabilidad Social\LAYERS\Indice_de_Vulnerabilidad_Social.shp</linkage><protocol Sync="TRUE">Local Area Network</protocol></onLineSrc><transSize Sync="TRUE">37,385</transSize></distorTran><distorFormat><formatName Sync="TRUE">Shapefile</formatName></distorFormat></distributor><distFormat><formatName Sync="TRUE">Shapefile</formatName></distFormat><distTranOps><transSize Sync="TRUE">0.000</transSize></distTranOps></distInfo><spdoinfo><direct Sync="TRUE">Vector</direct><ptvctinf><esriterm Name="GradodeVulnerabilidadSocial22"><efeatyp Sync="TRUE">Simple</efeatyp><efeageom code="4" Sync="TRUE"></efeageom><esritopo Sync="TRUE">FALSE</esritopo><efeacnt Sync="TRUE">0</efeacnt><spindex Sync="TRUE">FALSE</spindex><linrefer Sync="TRUE">FALSE</linrefer></esriterm></ptvctinf></spdoinfo><spref><horizsys><cordsysn><geogcsn Sync="TRUE">ITER92</geogcsn><projcsn Sync="TRUE">ITER92_CCL</projcsn></cordsysn><geodetic><horizdn Sync="TRUE">&lt;custom&gt;</horizdn><ellips Sync="TRUE">Geodetic Reference System 80</ellips><semiaxis Sync="TRUE">6378137.000000</semiaxis><denflat Sync="TRUE">298.257222</denflat></geodetic></horizsys></spref><refSysInfo><RefSystem><refSysID><identCode Sync="TRUE" code="4326">ITER92_CCL</identCode><idCodeSpace Sync="TRUE">EPSG</idCodeSpace><idVersion Sync="TRUE">8.6.2</idVersion></refSysID></RefSystem></refSysInfo><spatRepInfo><VectSpatRep><geometObjs Name="GradodeVulnerabilidadSocial22"><geoObjTyp><GeoObjTypCd value="002" Sync="TRUE"></GeoObjTypCd></geoObjTyp><geoObjCnt Sync="TRUE">0</geoObjCnt></geometObjs><topLvl><TopoLevCd value="001" Sync="TRUE"></TopoLevCd></topLvl></VectSpatRep></spatRepInfo><eainfo><detailed Name="GradodeVulnerabilidadSocial22"><enttyp><enttypl Sync="TRUE">GradodeVulnerabilidadSocial22</enttypl><enttypt Sync="TRUE">Feature Class</enttypt><enttypc Sync="TRUE">0</enttypc></enttyp><attr><attrlabl Sync="TRUE">FID</attrlabl><attalias Sync="TRUE">FID</attalias><attrtype Sync="TRUE">OID</attrtype><attwidth Sync="TRUE">4</attwidth><atprecis Sync="TRUE">0</atprecis><attscale Sync="TRUE">0</attscale><attrdef Sync="TRUE">Internal feature number.</attrdef><attrdefs Sync="TRUE">Esri</attrdefs><attrdomv><udom Sync="TRUE">Sequential unique whole numbers that are automatically generated.</udom></attrdomv></attr><attr><attrlabl Sync="TRUE">Shape</attrlabl><attalias Sync="TRUE">Shape</attalias><attrtype Sync="TRUE">Geometry</attrtype><attwidth Sync="TRUE">0</attwidth><atprecis Sync="TRUE">0</atprecis><attscale Sync="TRUE">0</attscale><attrdef Sync="TRUE">Feature geometry.</attrdef><attrdefs Sync="TRUE">ESRI</attrdefs><attrdomv><udom Sync="TRUE">Coordinates defining the features.</udom></attrdomv></attr><attr><attrlabl Sync="TRUE">Municipio</attrlabl><attalias Sync="TRUE">MUNICIPIO</attalias><attrtype Sync="TRUE">String</attrtype><attwidth Sync="TRUE">254</attwidth><atprecis Sync="TRUE">0</atprecis><attscale Sync="TRUE">0</attscale></attr><attr><attrlabl Sync="TRUE">GVS_ISE10</attrlabl><attalias Sync="TRUE">GVS_ISE10</attalias><attrtype Sync="TRUE">String</attrtype><attwidth Sync="TRUE">15</attwidth><atprecis Sync="TRUE">0</atprecis><attscale Sync="TRUE">0</attscale></attr><attr><attrlabl Sync="TRUE">EDO</attrlabl><attalias Sync="TRUE">EDO</attalias><attrtype Sync="TRUE">SmallInteger</attrtype><attwidth Sync="TRUE">5</attwidth><atprecis Sync="TRUE">5</atprecis><attscale Sync="TRUE">0</attscale></attr><attr><attrlabl Sync="TRUE">Shape_Leng</attrlabl><attalias Sync="TRUE">Shape_Leng</attalias><attrtype Sync="TRUE">Double</attrtype><attwidth Sync="TRUE">19</attwidth><atprecis Sync="TRUE">0</atprecis><attscale Sync="TRUE">0</attscale></attr><attr><attrlabl Sync="TRUE">Shape_Area</attrlabl><attalias Sync="TRUE">Shape_Area</attalias><attrtype Sync="TRUE">Double</attrtype><attwidth Sync="TRUE">19</attwidth><atprecis Sync="TRUE">0</atprecis><attscale Sync="TRUE">0</attscale><attrdef Sync="TRUE">Area of feature in internal units squared.</attrdef><attrdefs Sync="TRUE">Esri</attrdefs><attrdomv><udom Sync="TRUE">Positive real numbers that are automatically generated.</udom></attrdomv></attr></detailed></eainfo><mdDateSt Sync="TRUE">20180726</mdDateSt></metadata>
